Date,data1,data2,data3,Website units sold,FB_Ad _spend,FB_Impressions,FB_Unique Clicks,Day,Month,Year,day of the week,quarter,Monday,Tuesday,Wednesday,Thursday,Friday,Saturday,Sunday,Amazon Page Views,Amazon Sessions,Amazon Units Sold
5/3/22,,,,13,540.45,38915,208,3,5,2022,2,2,0,1,0,0,0,0,0,487,365,52
5/4/22,,,,16,548.41,42258,192,4,5,2022,3,2,0,0,1,0,0,0,0,439,308,50
5/5/22,,,,7,285.47,21238,96,5,5,2022,4,2,0,0,0,1,0,0,0,357,277,38
5/6/22,,,,0,0,0,0,6,5,2022,5,2,0,0,0,0,1,0,0,370,264,27
5/7/22,,,,1,56.12,4253,9,7,5,2022,6,2,0,0,0,0,0,1,0,306,231,32
5/8/22,,,,0,51.46,3874,14,8,5,2022,7,2,0,0,0,0,0,0,1,360,249,20
5/9/22,,,,0,51.17,3947,16,9,5,2022,1,2,1,0,0,0,0,0,0,417,314,27
5/10/22,,,,0,26,1957,10,10,5,2022,2,2,0,1,0,0,0,0,0,424,311,40
5/11/22,,,,3,92.83,5575,35,11,5,2022,3,2,0,0,1,0,0,0,0,598,341,32
5/12/22,,,,12,172.18,12935,68,12,5,2022,4,2,0,0,0,1,0,0,0,624,348,51
5/13/22,,,,28,582.85,32910,194,13,5,2022,5,2,0,0,0,0,1,0,0,594,327,46
5/14/22,,,,30,582.65,31844,207,14,5,2022,6,2,0,0,0,0,0,1,0,676,348,45
5/15/22,,,,20,550.51,32582,179,15,5,2022,7,2,0,0,0,0,0,0,1,731,413,43
5/16/22,,,,26,597.66,32851,199,16,5,2022,1,2,1,0,0,0,0,0,0,785,433,56
5/17/22,,,,24,524,31353,154,17,5,2022,2,2,0,1,0,0,0,0,0,725,407,51
5/18/22,,,,28,474.21,29634,165,18,5,2022,3,2,0,0,1,0,0,0,0,752,402,48
5/19/22,,,,26,476.58,28192,162,19,5,2022,4,2,0,0,0,1,0,0,0,792,441,47
5/20/22,,,,20,521.94,30241,167,20,5,2022,5,2,0,0,0,0,1,0,0,769,434,39
5/21/22,,,,15,527.72,24439,139,21,5,2022,6,2,0,0,0,0,0,1,0,599,333,52
5/22/22,,,,29,515.93,24974,168,22,5,2022,7,2,0,0,0,0,0,0,1,921,492,57
5/23/22,,,,22,499.7,25056,131,23,5,2022,1,2,1,0,0,0,0,0,0,"1,249",724,51
5/24/22,,,,20,415.6,26438,148,24,5,2022,2,2,0,1,0,0,0,0,0,"1,087",596,77
5/25/22,,,,16,415.36,32499,204,25,5,2022,3,2,0,0,1,0,0,0,0,704,389,60
5/26/22,,,,37,489.3,35027,224,26,5,2022,4,2,0,0,0,1,0,0,0,694,408,45
5/27/22,,,,29,677.9,43120,241,27,5,2022,5,2,0,0,0,0,1,0,0,560,332,55
5/28/22,,,,34,771.32,40404,215,28,5,2022,6,2,0,0,0,0,0,1,0,579,326,27
5/29/22,,,,32,692.51,33045,216,29,5,2022,7,2,0,0,0,0,0,0,1,673,374,39
5/30/22,,,,30,692.93,32028,205,30,5,2022,1,2,1,0,0,0,0,0,0,740,424,43
5/31/22,,,,27,684.96,35914,220,31,5,2022,2,2,0,1,0,0,0,0,0,707,390,48
6/1/22,,,,53,773.96,36341,239,1,6,2022,3,2,0,0,1,0,0,0,0,747,406,62
6/2/22,,,,48,838.58,43679,268,2,6,2022,4,2,0,0,0,1,0,0,0,707,385,62
6/3/22,,,,43,796.43,42651,272,3,6,2022,5,2,0,0,0,0,1,0,0,621,344,58
6/4/22,,,,30,801.24,41786,245,4,6,2022,6,2,0,0,0,0,0,1,0,592,309,34
6/5/22,,,,37,777.67,40359,280,5,6,2022,7,2,0,0,0,0,0,0,1,1560,760,59
6/6/22,,,,45,809.47,43262,276,6,6,2022,1,2,1,0,0,0,0,0,0,634,316,48
6/7/22,,,,31,645.3,40041,261,7,6,2022,2,2,0,1,0,0,0,0,0,662,330,58
6/8/22,,,,28,631.05,40246,260,8,6,2022,3,2,0,0,1,0,0,0,0,710,377,54
6/9/22,,,,31,492.18,32758,208,9,6,2022,4,2,0,0,0,1,0,0,0,713,490,46
6/10/22,,,,38,493.92,30700,202,10,6,2022,5,2,0,0,0,0,1,0,0,603,490,55
6/11/22,,,,37,512.67,32995,211,11,6,2022,6,2,0,0,0,0,0,1,0,780,646,44
6/12/22,,,,27,510.28,39277,220,12,6,2022,7,2,0,0,0,0,0,0,1,701,573,52
6/13/22,,,,2,231.79,16048,90,13,6,2022,1,2,1,0,0,0,0,0,0,695,536,45
6/14/22,,,,2,,,,14,6,2022,2,2,0,1,0,0,0,0,0,614,484,39
6/15/22,,,,0,,,,15,6,2022,3,2,0,0,1,0,0,0,0,494,386,51
6/16/22,,,,7,,,,16,6,2022,4,2,0,0,0,1,0,0,0,489,370,35
6/17/22,,,,0,,,,17,6,2022,5,2,0,0,0,0,1,0,0,412,323,28
6/18/22,,,,0,,,,18,6,2022,6,2,0,0,0,0,0,1,0,425,329,26
6/19/22,,,,1,,,,19,6,2022,7,2,0,0,0,0,0,0,1,459,346,34
6/20/22,,,,0,,,,20,6,2022,1,2,1,0,0,0,0,0,0,402,313,25
6/21/22,,,,2,,,,21,6,2022,2,2,0,1,0,0,0,0,0,808,662,21
6/22/22,,,,1,,,,22,6,2022,3,2,0,0,1,0,0,0,0,453,352,20
6/23/22,,,,0,,,,23,6,2022,4,2,0,0,0,1,0,0,0,403,325,26
6/24/22,,,,0,,,,24,6,2022,5,2,0,0,0,0,1,0,0,347,284,24
6/25/22,,,,1,,,,25,6,2022,6,2,0,0,0,0,0,1,0,367,273,18
6/26/22,,,,1,,,,26,6,2022,7,2,0,0,0,0,0,0,1,434,336,17
6/27/22,,,,0,,,,27,6,2022,1,2,1,0,0,0,0,0,0,451,359,27
6/28/22,,,,0,,,,28,6,2022,2,2,0,1,0,0,0,0,0,510,374,38
6/29/22,,,,0,,,,29,6,2022,3,2,0,0,1,0,0,0,0,495,359,31
6/30/22,,,,9,11.08,541,4,30,6,2022,4,2,0,0,0,1,0,0,0,451,335,25
7/1/22,,,,13,149.71,14291,71,1,7,2022,5,2,0,0,0,0,1,0,0,398,291,25
7/2/22,,,,15,184.24,21644,108,2,7,2022,6,2,0,0,0,0,0,1,0,472,347,36
7/3/22,,,,10,204.54,21409,88,3,7,2022,7,2,0,0,0,0,0,0,1,492,360,35
7/4/22,,,,17,398.33,27798,168,4,7,2022,1,2,1,0,0,0,0,0,0,524,403,39
7/5/22,,,,29,554.85,55104,319,5,7,2022,2,2,0,1,0,0,0,0,0,563,440,63
7/6/22,,,,25,628.07,67801,362,6,7,2022,3,2,0,0,1,0,0,0,0,0,0,0
7/7/22,,,,37,906.12,79995,601,7,7,2022,4,2,0,0,0,1,0,0,0,587,417,39
7/8/22,,,,32,874.68,62430,506,8,7,2022,5,2,0,0,0,0,1,0,0,508,365,43
7/9/22,,,,29,772.85,47971,334,9,7,2022,6,2,0,0,0,0,0,1,0,507,405,50
7/10/22,,,,22,744.36,43622,309,10,7,2022,7,2,0,0,0,0,0,0,1,410,311,37
7/11/22,,,,19,733.53,41263,272,11,7,2022,1,2,1,0,0,0,0,0,0,436,343,43
7/12/22,,,,13,385.54,25639,165,12,7,2022,2,2,0,1,0,0,0,0,0,"3,961","2,810",371
7/13/22,,,,11,349.11,19252,127,13,7,2022,3,2,0,0,1,0,0,0,0,"7,826","5,456",537
7/14/22,,,,11,354.75,14814,89,14,7,2022,4,2,0,0,0,1,0,0,0,0,0,31
7/15/22,,,,18,432.27,23256,159,15,7,2022,5,2,0,0,0,0,1,0,0,740,576,28
7/16/22,,,,17,341.81,16611,107,16,7,2022,6,2,0,0,0,0,0,1,0,764,558,34
7/17/22,,,,13,282.04,14798,105,17,7,2022,7,2,0,0,0,0,0,0,1,828,620,26
7/18/22,,,,18,274.11,16633,124,18,7,2022,1,2,1,0,0,0,0,0,0,894,644,37
7/19/22,,,,12,344.99,22763,136,19,7,2022,2,2,0,1,0,0,0,0,0,1114,860,36
7/20/22,,,,35,731.51,45587,296,20,7,2022,3,2,0,0,1,0,0,0,0,1214,854,50
7/21/22,,,,32,634.54,41302,301,21,7,2022,4,2,0,0,0,1,0,0,0,1064,804,44
7/22/22,,,,28,741.78,46296,265,22,7,2022,5,2,0,0,0,0,1,0,0,778,604,42
7/23/22,,,,25,875.39,43533,276,23,7,2022,6,2,0,0,0,0,0,1,0,1008,746,59
7/24/22,,,,38,1068.33,56612,369,24,7,2022,7,2,0,0,0,0,0,0,1,1120,846,50
7/25/22,,,,22,870.48,46105,298,25,7,2022,1,2,1,0,0,0,0,0,0,496,372,53
7/26/22,,,,31,868.51,51192,331,26,7,2022,2,2,0,1,0,0,0,0,0,906,714,52
7/27/22,,,,42,829.62,48323,333,27,7,2022,3,2,0,0,1,0,0,0,0,982,724,52
7/28/22,,,,36,815.38,47137,298,28,7,2022,4,2,0,0,0,1,0,0,0,930,686,55
7/29/22,,,,32,794.94,40836,223,29,7,2022,5,2,0,0,0,0,1,0,0,470,344,49
7/30/22,,,,33,755.59,45242,294,30,7,2022,6,2,0,0,0,0,0,1,0,467,352,48
7/31/22,,,,41,742.61,50131,308,31,7,2022,7,2,0,0,0,0,0,0,1,533,388,49
8/1/22,,,,34,830.29,66529,392,1,8,2022,1,2,1,0,0,0,0,0,0,518,383,70
8/2/22,,,,31,916.64,68043,403,2,8,2022,2,2,0,1,0,0,0,0,0,0,0,0
8/3/22,,,,26,916.24,59158,403,3,8,2022,3,2,0,0,1,0,0,0,0,525,400,61
8/4/22,,,,35,845.86,50954,379,4,8,2022,4,2,0,0,0,1,0,0,0,828,596,52
8/5/22,,,,41,821.39,48728,315,5,8,2022,5,2,0,0,0,0,1,0,0,400,285,40
8/6/22,,,,29,1020.98,50721,347,6,8,2022,6,2,0,0,0,0,0,1,0,760,574,46
8/7/22,,,,36,975.8,52656,341,7,8,2022,7,2,0,0,0,0,0,0,1,850,646,47
8/8/22,,,,39,1008.84,53579,429,8,8,2022,1,2,1,0,0,0,0,0,0,0,0,68
8/9/22,,,,42,1303.95,65144,568,9,8,2022,2,2,0,1,0,0,0,0,0,0,0,105
8/10/22,,,,78,1289.59,79367,713,10,8,2022,3,2,0,0,1,0,0,0,0,0,0,89
8/11/22,,,,64,1290,73704,668,11,8,2022,4,2,0,0,0,1,0,0,0,842,633,131
8/12/22,,,,88,1660.32,87154,751,12,8,2022,5,2,0,0,0,0,1,0,0,594,461,93
8/13/22,,,,65,1465.14,77581,691,13,8,2022,6,2,0,0,0,0,0,1,0,630,471,87
8/14/22,,,,69,1341.38,73841,726,14,8,2022,7,2,0,0,0,0,0,0,1,1444,1070,97
8/15/22,,,,68,1455.7,87121,751,15,8,2022,1,2,1,0,0,0,0,0,0,599,459,99
8/16/22,,,,121,1953.17,113074,985,16,8,2022,2,2,0,1,0,0,0,0,0,606,461,81
8/17/22,,,,87,1689.19,96554,800,17,8,2022,3,2,0,0,1,0,0,0,0,497,391,58
8/18/22,,,,82,1315.64,83063,707,18,8,2022,4,2,0,0,0,1,0,0,0,569,426,60
8/19/22,,,,113,1491.24,108472,909,19,8,2022,5,2,0,0,0,0,1,0,0,501,367,81
8/20/22,,,,99,1506.81,98379,878,20,8,2022,6,2,0,0,0,0,0,1,0,606,470,84
8/21/22,,,,105,1574.13,108624,1036,21,8,2022,7,2,0,0,0,0,0,0,1,615,465,77
8/22/22,,,,129,1803.7,126306,1193,22,8,2022,1,2,1,0,0,0,0,0,0,771,617,96
8/23/22,,,,140,2140.04,158998,1400,23,8,2022,2,2,0,1,0,0,0,0,0,673,505,115
8/24/22,,,,110,2070.33,126305,1136,24,8,2022,3,2,0,0,1,0,0,0,0,695,517,104
8/25/22,,,,121,2097.37,117917,1051,25,8,2022,4,2,0,0,0,1,0,0,0,654,521,128
8/26/22,,,,116,1906.85,98554,906,26,8,2022,5,2,0,0,0,0,1,0,0,464,372,93
8/27/22,,,,73,1638.35,95171,843,27,8,2022,6,2,0,0,0,0,0,1,0,1116,842,83
8/28/22,,,,65,1533.66,99761,792,28,8,2022,7,2,0,0,0,0,0,0,1,968,712,58
8/29/22,,,,89,1698.14,106845,876,29,8,2022,1,2,1,0,0,0,0,0,0,1425,1101,37
8/30/22,,,,99,1603.54,108392,903,30,8,2022,2,2,0,1,0,0,0,0,0,948,722,42
8/31/22,,,,90,1591.78,96994,943,31,8,2022,3,2,0,0,1,0,0,0,0,868,676,52
9/1/22,,,,86,1462.27,87060,801,1,9,2022,4,3,0,0,0,1,0,0,0,696,570,40
9/2/22,,,,74,1234.35,80923,665,2,9,2022,5,3,0,0,0,0,1,0,0,700,558,39
9/3/22,,,,56,1112.23,74035,615,3,9,2022,6,3,0,0,0,0,0,1,0,51,43,1
9/4/22,,,,0,0,0,,4,9,2022,7,3,0,0,0,0,0,0,1,154,127,13
9/5/22,,,,0,,,,5,9,2022,1,3,1,0,0,0,0,0,0,227,181,29
9/6/22,,,,0,,,,6,9,2022,2,3,0,1,0,0,0,0,0,317,254,25
9/7/22,,,,0,,,,7,9,2022,3,3,0,0,1,0,0,0,0,472,353,21
9/8/22,,,,0,,,,8,9,2022,4,3,0,0,0,1,0,0,0,443,362,16
9/9/22,,,,0,,,,9,9,2022,5,3,0,0,0,0,1,0,0,508,399,42
9/10/22,,,,0,,,,10,9,2022,6,3,0,0,0,0,0,1,0,493,395,27
9/11/22,,,,0,,,,11,9,2022,7,3,0,0,0,0,0,0,1,529,411,20
9/12/22,,,,0,,,,12,9,2022,1,3,1,0,0,0,0,0,0,504,384,27
9/13/22,,,,0,,,,13,9,2022,2,3,0,1,0,0,0,0,0,482,372,24
9/14/22,,,,0,,,,14,9,2022,3,3,0,0,1,0,0,0,0,417,333,34
9/15/22,,,,0,,,,15,9,2022,4,3,0,0,0,1,0,0,0,0,0,34
9/16/22,,,,0,,,,16,9,2022,5,3,0,0,0,0,1,0,0,238,201,18
9/17/22,,,,0,,,,17,9,2022,6,3,0,0,0,0,0,1,0,296,231,25
9/18/22,,,,0,,,,18,9,2022,7,3,0,0,0,0,0,0,1,393,289,23
9/19/22,,,,0,,,,19,9,2022,1,3,1,0,0,0,0,0,0,813,629,38
9/20/22,,,,0,,,,20,9,2022,2,3,0,1,0,0,0,0,0,413,338,25
9/21/22,,,,0,,,,21,9,2022,3,3,0,0,1,0,0,0,0,387,306,32
9/22/22,,,,0,,,,22,9,2022,4,3,0,0,0,1,0,0,0,387,292,21
9/23/22,,,,0,,,,23,9,2022,5,3,0,0,0,0,1,0,0,297,231,27
9/24/22,,,,30,1192.33,42323,449,24,9,2022,6,3,0,0,0,0,0,1,0,0,0,71
9/25/22,,,,24,994.36,49240,469,25,9,2022,7,3,0,0,0,0,0,0,1,1050,796,56
9/26/22,,,,37,795.67,53454,464,26,9,2022,1,3,1,0,0,0,0,0,0,591,437,61
9/27/22,,,,42,811.66,61669,587,27,9,2022,2,3,0,1,0,0,0,0,0,484,392,51
9/28/22,,,,21,698.57,51544,377,28,9,2022,3,3,0,0,1,0,0,0,0,626,477,72
9/29/22,,,,42,835.31,55343,456,29,9,2022,4,3,0,0,0,1,0,0,0,1050,836,67
9/30/22,,,,43,885.42,52182,547,30,9,2022,5,3,0,0,0,0,1,0,0,592,444,73
10/1/22,,,,43,898.9,60748,638,1,10,2022,6,3,0,0,0,0,0,1,0,613,435,74
10/2/22,,,,45,894.25,65729,635,2,10,2022,7,3,0,0,0,0,0,0,1,698,512,76
10/3/22,,,,65,966.21,68658,656,3,10,2022,1,3,1,0,0,0,0,0,0,744,569,82
10/4/22,,,,67,1084.33,69947,681,4,10,2022,2,3,0,1,0,0,0,0,0,733,530,104
10/5/22,,,,77,1334.91,88017,849,5,10,2022,3,3,0,0,1,0,0,0,0,874,637,111
10/6/22,,,,106,1733.24,114625,1157,6,10,2022,4,3,0,0,0,1,0,0,0,810,613,130
10/7/22,,,,80,1857.9,122235,1202,7,10,2022,5,3,0,0,0,0,1,0,0,737,551,118
10/8/22,,,,78,1906.1,109418,1013,8,10,2022,6,3,0,0,0,0,0,1,0,679,511,91
10/9/22,,,,79,1924.82,122103,1054,9,10,2022,7,3,0,0,0,0,0,0,1,0,0,104
10/10/22,,,,73,1938.91,118613,1088,10,10,2022,1,3,1,0,0,0,0,0,0,815,624,117
10/11/22,,,,87,1892.2,112176,1049,11,10,2022,2,3,0,1,0,0,0,0,0,"1,533","1,155",256
10/12/22,,,,69,1751.54,103346,958,12,10,2022,3,3,0,0,1,0,0,0,0,0,0,210
10/13/22,,,,85,1676.08,92381,878,13,10,2022,4,3,0,0,0,1,0,0,0,787,596,109
10/14/22,,,,102,1855.77,109225,1071,14,10,2022,5,3,0,0,0,0,1,0,0,1454,1108,105
10/15/22,,,,87,1767.84,118420,1063,15,10,2022,6,3,0,0,0,0,0,1,0,709,521,105
10/16/22,,,,75,1602.26,101793,860,16,10,2022,7,3,0,0,0,0,0,0,1,700,500,103
10/17/22,,,,95,1959.1,107962,1071,17,10,2022,1,3,1,0,0,0,0,0,0,868,645,134
10/18/22,,,,107,2003.16,127579,1231,18,10,2022,2,3,0,1,0,0,0,0,0,818,615,146
10/19/22,,,,112,1980.17,122580,1198,19,10,2022,3,3,0,0,1,0,0,0,0,917,695,124
10/20/22,,,,110,2007.75,133132,1345,20,10,2022,4,3,0,0,0,1,0,0,0,848,631,150
10/21/22,,,,123,2482.82,149045,1505,21,10,2022,5,3,0,0,0,0,1,0,0,"1,005",739,139
10/22/22,,,,109,2750.81,178478,1684,22,10,2022,6,3,0,0,0,0,0,1,0,936,688,142
10/23/22,,,,118,2529.24,166702,1684,23,10,2022,7,3,0,0,0,0,0,0,1,"1,024",761,149
10/24/22,,,,140,2941.32,188725,1897,24,10,2022,1,3,1,0,0,0,0,0,0,0,0,183
10/25/22,,,,163,2845.84,185181,1964,25,10,2022,2,3,0,1,0,0,0,0,0,0,0,193
10/26/22,,,,168,3225.21,210103,2273,26,10,2022,3,3,0,0,1,0,0,0,0,"1,361","1,003",202
10/27/22,,,,190,3909.63,225402,2497,27,10,2022,4,3,0,0,0,1,0,0,0,"2,662","2,004",194
10/28/22,,,,169,3896.38,233053,2559,28,10,2022,5,3,0,0,0,0,1,0,0,"1,258",930,183
10/29/22,,,,190,4529.14,277444,2892,29,10,2022,6,3,0,0,0,0,0,1,0,"2,332",1764,168
10/30/22,,,,156,3782.91,244353,2753,30,10,2022,7,3,0,0,0,0,0,0,1,"1,322",987,187
10/31/22,,,,199,3862.51,279759,2967,31,10,2022,1,3,1,0,0,0,0,0,0,0,0,167
11/1/22,,,,187,3990.96,364841,3455,1,11,2022,2,3,0,1,0,0,0,0,0,"3,108","2,308",219
11/2/22,,,,214,4120.55,355547,3660,2,11,2022,3,3,0,0,1,0,0,0,0,"1,600","1,201",223
11/3/22,,,,194,4188.26,324046,3289,3,11,2022,4,3,0,0,0,1,0,0,0,"3,022","2,276",209
11/4/22,,,,206,4174.98,298669,3099,4,11,2022,5,3,0,0,0,0,1,0,0,"2,872","2,138",211
11/5/22,,,,176,4227.73,283610,2904,5,11,2022,6,3,0,0,0,0,0,1,0,"2,694","2,048",180
11/6/22,,,,211,3919.25,246977,2734,6,11,2022,7,3,0,0,0,0,0,0,1,"3,134","2,334",201
11/7/22,,,,192,4088.45,274202,2896,7,11,2022,1,3,1,0,0,0,0,0,0,"2,578",1980,216
11/8/22,,,,155,3593.3,224029,2158,8,11,2022,2,3,0,1,0,0,0,0,0,"2,480",1890,178
11/9/22,,,,152,3213.94,243420,2444,9,11,2022,3,3,0,0,1,0,0,0,0,"2,606",1970,202
11/10/22,,,,187,3527.87,263627,2828,10,11,2022,4,3,0,0,0,1,0,0,0,"3,110","2,362",201
11/11/22,,,,165,3755.26,242719,2835,11,11,2022,5,3,0,0,0,0,1,0,0,"2,828","2,108",208
11/12/22,,,,222,3761.49,247931,3269,12,11,2022,6,3,0,0,0,0,0,1,0,"2,936","2,102",209
11/13/22,,,,222,3765.81,268895,3572,13,11,2022,7,3,0,0,0,0,0,0,1,"3,142","2,406",232
11/14/22,,,,256,4192.04,282464,3567,14,11,2022,1,3,1,0,0,0,0,0,0,"3,430","2,612",254
11/15/22,,,,253,4156.87,325016,3589,15,11,2022,2,3,0,1,0,0,0,0,0,"1,804","1,362",255
11/16/22,,,,235,3973.27,283773,3150,16,11,2022,3,3,0,0,1,0,0,0,0,"4,100","3,068",298
11/17/22,,,,273,4656.3,396334,3948,17,11,2022,4,3,0,0,0,1,0,0,0,"4,352","3,368",292
11/18/22,,,,202,3783.46,288706,2325,18,11,2022,5,3,0,0,0,0,1,0,0,0,0,199
11/19/22,,,,146,2950.94,170542,1456,19,11,2022,6,3,0,0,0,0,0,1,0,"1,711","1,284",229
11/20/22,,,,140,2642.42,195273,1567,20,11,2022,7,3,0,0,0,0,0,0,1,"4,026","3,122",261
11/21/22,,,,151,2657.49,205851,1686,21,11,2022,1,3,1,0,0,0,0,0,0,"3,128","2,382",227
11/22/22,,,,139,2576.76,211722,1505,22,11,2022,2,3,0,1,0,0,0,0,0,"1,632","1,236",211
11/23/22,,,,120,2872.71,225201,1612,23,11,2022,3,3,0,0,1,0,0,0,0,"1,375","1,014",156
11/24/22,,,,115,2678.42,208622,1320,24,11,2022,4,3,0,0,0,1,0,0,0,"1,176",919,147
11/25/22,,,,92,2556.99,193589,1117,25,11,2022,5,3,0,0,0,0,1,0,0,"1,665","1,249",268
11/26/22,,,,116,2116.08,112887,950,26,11,2022,6,3,0,0,0,0,0,1,0,"1,458","1,104",151
11/27/22,,,,122,1987.56,113908,969,27,11,2022,7,3,0,0,0,0,0,0,1,"3,838","2,918",215
11/28/22,,,,148,3037.88,192857,1652,28,11,2022,1,3,1,0,0,0,0,0,0,"2,509","1,887",472
11/29/22,,,,182,3786.9,196730,1721,29,11,2022,2,3,0,1,0,0,0,0,0,"3,856","2,826",243
11/30/22,,,,192,3839.15,239748,2038,30,11,2022,3,3,0,0,1,0,0,0,0,0,0,340
12/1/22,,,,199,4092.73,326815,2788,1,12,2022,4,3,0,0,0,1,0,0,0,"2,085","1,542",311
12/2/22,,,,206,4265.4,310054,2570,2,12,2022,5,3,0,0,0,0,1,0,0,"1,740","1,284",308
12/3/22,,,,164,3995.22,275638,2127,3,12,2022,6,3,0,0,0,0,0,1,0,"1,948","1,477",333
12/4/22,,,,174,3392.17,220400,1892,4,12,2022,7,3,0,0,0,0,0,0,1,"4,138","3,040",380
12/5/22,,,,191,3571.09,274401,2132,5,12,2022,1,3,1,0,0,0,0,0,0,"2,102","1,545",386
12/6/22,,,,206,3590.77,277563,2246,6,12,2022,2,3,0,1,0,0,0,0,0,"4,426","3,214",405
12/7/22,,,,185,3958.88,283061,2304,7,12,2022,3,3,0,0,1,0,0,0,0,"2,184","1,604",390
12/8/22,,,,221,3988.72,283523,2107,8,12,2022,4,3,0,0,0,1,0,0,0,"2,213","1,591",433
12/9/22,,,,207,"3,902","268,630","2,104",9,12,2022,5,3,0,0,0,0,1,0,0,"2,056","1,542",324
12/10/22,,,,208,"3,983","214,569","1,815",10,12,2022,6,3,0,0,0,0,0,1,0,"2,222","1,612",374
12/11/22,,,,209,"4,001","243,587","1,998",11,12,2022,7,3,0,0,0,0,0,0,1,"4,808","3,590",378
12/12/22,,,,236,"4,158","247,859","2,149",12,12,2022,1,3,1,0,0,0,0,0,0,"2,468","1,783",411
12/13/22,,,,231,3639.64,224183,1890,13,12,2022,2,3,0,1,0,0,0,0,0,"2,413","1,764",427
12/14/22,,,,203,3604.02,238951,1845,14,12,2022,3,3,0,0,1,0,0,0,0,"1,931","1,438",307
12/15/22,,,,78,626.44,51517,384,15,12,2022,4,3,0,0,0,1,0,0,0,"2,331","1,743",311
12/16/22,,,,55,620,"49,608",434,16,12,2022,5,3,0,0,0,0,1,0,0,"2,168","1,634",320
12/17/22,,,,65,607,"51,048",419,17,12,2022,6,3,0,0,0,0,0,1,0,"4,850","3,656",307
12/18/22,,,,61,625,"56,982",513,18,12,2022,7,3,0,0,0,0,0,0,1,"2,853","2,112",335
12/19/22,,,,65,667,"64,342",507,19,12,2022,1,3,1,0,0,0,0,0,0,"2,698","2,061",374
12/20/22,,,,69,630,"63,213",481,20,12,2022,2,3,0,1,0,0,0,0,0,"4,982","3,682",260
12/21/22,,,,59,622.99,58465,411,21,12,2022,3,3,0,0,1,0,0,0,0,"1,753","1,316",182
12/22/22,,,,43,596,"60,802",424,22,12,2022,4,3,0,0,0,1,0,0,0,"1,149",867,129
12/23/22,,,,38,604,"73,080",459,23,12,2022,5,3,0,0,0,0,1,0,0,869,636,90
12/24/22,,,,33,595.64,76253,465,24,12,2022,6,3,0,0,0,0,0,1,0,904,709,59
12/25/22,,,,32,626.94,75701,470,25,12,2022,7,3,0,0,0,0,0,0,1,975,767,69
12/26/22,,,,17,533,"61,421",379,26,12,2022,1,3,1,0,0,0,0,0,0,"2,270",1804,104
12/27/22,,,,27,455,"55,158",392,27,12,2022,2,3,0,1,0,0,0,0,0,772,596,72
12/28/22,,,,35,654.61,48363,352,28,12,2022,3,3,0,0,1,0,0,0,0,"1,080",832,132
12/29/22,,,,38,668.82,51626,371,29,12,2022,4,3,0,0,0,1,0,0,0,846,662,102
12/30/22,,,,31,665.88,44565,342,30,12,2022,5,3,0,0,0,0,1,0,0,0,0,119
12/31/22,,,,47,699.62,51523,367,31,12,2022,6,3,0,0,0,0,0,1,0,0,0,85
1/1/23,,,,42,728.67,76585,456,1,1,2023,7,1,0,0,0,0,0,0,1,0,0,101
1/2/23,,,,62,1056.23,132464,800,2,1,2023,1,1,1,0,0,0,0,0,0,0,0,143
1/3/23,,,,101,2074.77,232095,1507,3,1,2023,2,1,0,1,0,0,0,0,0,0,0,167
1/4/23,,,,119,2644.11,261408,1808,4,1,2023,3,1,0,0,1,0,0,0,0,"1,383","1,034",209
1/5/23,,,,132,3035.05,264327,1791,5,1,2023,4,1,0,0,0,1,0,0,0,"1,205",928,199
1/6/23,,,,166,4210.34,322715,2249,6,1,2023,5,1,0,0,0,0,1,0,0,"1,455","1,044",276
1/7/23,,,,168,4876.04,325277,2285,7,1,2023,6,1,0,0,0,0,0,1,0,"1,348","1,008",251
1/8/23,,,,165,4061.67,300845,2141,8,1,2023,7,1,0,0,0,0,0,0,1,0,0,228
1/9/23,,,,152,"3,743","303,592","2,127",9,1,2023,1,1,1,0,0,0,0,0,0,"4,756","3,508",178
1/10/23,,,,108,2679.58,215473,1366,10,1,2023,2,1,0,1,0,0,0,0,0,0,0,153
1/11/23,,,,65,948,"96,156",579,11,1,2023,3,1,0,0,1,0,0,0,0,"1,063",803,155
1/12/23,,,,71,1114.56,117336,647,12,1,2023,4,1,0,0,0,1,0,0,0,"1,144",852,205
1/13/23,,,,115,2377.55,217056,1424,13,1,2023,5,1,0,0,0,0,1,0,0,"1,209",904,221
1/14/23,,,,157,3657.05,300374,2027,14,1,2023,6,1,0,0,0,0,0,1,0,"1,297",963,217
1/15/23,,,,134,3554.89,308485,2138,15,1,2023,7,1,0,0,0,0,0,0,1,"1,188",905,205
1/16/23,,,,146,3199.33,279309,1772,16,1,2023,1,1,1,0,0,0,0,0,0,"2,698","2,066",234
1/17/23,,,,149,3046.66,261133,1892,17,1,2023,2,1,0,1,0,0,0,0,0,"2,378",1750,179
1/18/23,,,,130,2458.01,191263,1366,18,1,2023,3,1,0,0,1,0,0,0,0,"2,202",1700,219
1/19/23,,,,133,2374.14,197661,1322,19,1,2023,4,1,0,0,0,1,0,0,0,"1,152",870,181
1/20/23,,,,144,2391.16,182973,1280,20,1,2023,5,1,0,0,0,0,1,0,0,"2,200",1690,172
1/21/23,,,,121,2413.86,172749,1091,21,1,2023,6,1,0,0,0,0,0,1,0,"1,043",799,155
1/22/23,,,,122,"2,603","184,630","1,243",22,1,2023,7,1,0,0,0,0,0,0,1,"1,065",795,186
1/23/23,,,,138,2534,181378,1333,23,1,2023,1,1,1,0,0,0,0,0,0,"1,020",777,176
1/24/23,,,,126,2282.48,185328,1260,24,1,2023,2,1,0,1,0,0,0,0,0,996,755,173
1/25/23,,,,129,"2,519","205,054","1,436",25,1,2023,3,1,0,0,1,0,0,0,0,"1,160",876,208
1/26/23,,,,162,3138.87,242590,1801,26,1,2023,4,1,0,0,0,1,0,0,0,"1,283",973,220
1/27/23,,,,147,3226.68,250024,1791,27,1,2023,5,1,0,0,0,0,1,0,0,"1,158",890,200
1/28/23,,,,94,2563.21,168572,1292,28,1,2023,6,1,0,0,0,0,0,1,0,"1,069",829,159
1/29/23,,,,79,1966.88,133351,1031,29,1,2023,7,1,0,0,0,0,0,0,1,"1,123",853,132
1/30/23,,,,76,1447.59,101618,786,30,1,2023,1,1,1,0,0,0,0,0,0,0,0,148
1/31/23,,,,108,1921.03,151179,1043,31,1,2023,2,1,0,1,0,0,0,0,0,"1,335","1,008",185
2/1/23,,,,116,2153.49,159813,1150,1,2,2023,3,1,0,0,1,0,0,0,0,0,0,217
2/2/23,,,,121,2461.29,181798,1231,2,2,2023,4,1,0,0,0,1,0,0,0,0,0,205
2/3/23,,,,137,2583.97,170947,1292,3,2,2023,5,1,0,0,0,0,1,0,0,"1,024",800,163
2/4/23,,,,119,3212.3,180054,1303,4,2,2023,6,1,0,0,0,0,0,1,0,"1,094",782,180
2/5/23,,,,80,2230.5,155138,1059,5,2,2023,7,1,0,0,0,0,0,0,1,989,755,163
2/6/23,,,,88,1850.24,147500,958,6,2,2023,1,1,1,0,0,0,0,0,0,947,689,143
2/7/23,,,,61,1501.29,125778,738,7,2,2023,2,1,0,1,0,0,0,0,0,"1,061",790,118
2/8/23,,,,63,1463.11,112179,619,8,2,2023,3,1,0,0,1,0,0,0,0,"1,237",918,143
2/9/23,,,,107,2316.98,170446,971,9,2,2023,4,1,0,0,0,1,0,0,0,"1,310",984,189
2/10/23,,,,107,2464.18,163244,1011,10,2,2023,5,1,0,0,0,0,1,0,0,0,0,156
2/11/23,,,,98,2381.72,140133,1036,11,2,2023,6,1,0,0,0,0,0,1,0,964,733,123
2/12/23,,,,84,1809.46,91056,706,12,2,2023,7,1,0,0,0,0,0,0,1,911,674,117
2/13/23,,,,66,1622.82,101713,697,13,2,2023,1,1,1,0,0,0,0,0,0,934,710,137
2/14/23,,,,73,1570.97,118422,797,14,2,2023,2,1,0,1,0,0,0,0,0,0,0,0
,,,,,,,,,,,,,,,,,,,,,,
,,,,,,,,,,,,,,,,,,,,,,
,,,,,,,,,,,,,,,,,,,,,,
,,,,,,,,,,,,,,,,,,,,,,
,,,,,,,,,,,,,,,,,,,,,,
,,,,,,,,,,,,,,,,,,,,,,
,,,,,,,,,,,,,,,,,,,,,,
,,,,,,,,,,,,,,,,,,,,,,
,,,,,,,,,,,,,,,,,,,,,,
,,,,,,,,,,,,,,,,,,,,,,
,,,,,,,,,,,,,,,,,,,,,,
,,,,,,,,,,,,,,,,,,,,,,
,,,,,,,,,,,,,,,,,,,,,,
,,,,,,,,,,,,,,,,,,,,,,
,,,,,,,,,,,,,,,,,,,,,,
,,,,,,,,,,,,,,,,,,,,,,
,,,,,,,,,,,,,,,,,,,,,,
,,,,,,,,,,,,,,,,,,,,,,
,,,,,,,,,,,,,,,,,,,,,,
,,,,,,,,,,,,,,,,,,,,,,
,,,,,,,,,,,,,,,,,,,,,,
,,,,,,,,,,,,,,,,,,,,,,
,,,,,,,,,,,,,,,,,,,,,,
,,,,,,,,,,,,,,,,,,,,,,
,,,,,,,,,,,,,,,,,,,,,,
,,,,,,,,,,,,,,,,,,,,,,
,,,,,,,,,,,,,,,,,,,,,,
,,,,,,,,,,,,,,,,,,,,,,
,,,,,,,,,,,,,,,,,,,,,,
,,,,,,,,,,,,,,,,,,,,,,
,,,,,,,,,,,,,,,,,,,,,,
,,,,,,,,,,,,,,,,,,,,,,
,,,,,,,,,,,,,,,,,,,,,,
,,,,,,,,,,,,,,,,,,,,,,
,,,,,,,,,,,,,,,,,,,,,,
,,,,,,,,,,,,,,,,,,,,,,
,,,,,,,,,,,,,,,,,,,,,,
,,,,,,,,,,,,,,,,,,,,,,
,,,,,,,,,,,,,,,,,,,,,,
,,,,,,,,,,,,,,,,,,,,,,
,,,,,,,,,,,,,,,,,,,,,,
,,,,,,,,,,,,,,,,,,,,,,
,,,,,,,,,,,,,,,,,,,,,,
,,,,,,,,,,,,,,,,,,,,,,
,,,,,,,,,,,,,,,,,,,,,,
,,,,,,,,,,,,,,,,,,,,,,
,,,,,,,,,,,,,,,,,,,,,,
,,,,,,,,,,,,,,,,,,,,,,
,,,,,,,,,,,,,,,,,,,,,,
,,,,,,,,,,,,,,,,,,,,,,
,,,,,,,,,,,,,,,,,,,,,,
,,,,,,,,,,,,,,,,,,,,,,
,,,,,,,,,,,,,,,,,,,,,,
,,,,,,,,,,,,,,,,,,,,,,
,,,,,,,,,,,,,,,,,,,,,,
,,,,,,,,,,,,,,,,,,,,,,
,,,,,,,,,,,,,,,,,,,,,,
,,,,,,,,,,,,,,,,,,,,,,
,,,,,,,,,,,,,,,,,,,,,,
,,,,,,,,,,,,,,,,,,,,,,
,,,,,,,,,,,,,,,,,,,,,,
,,,,,,,,,,,,,,,,,,,,,,
,,,,,,,,,,,,,,,,,,,,,,
,,,,,,,,,,,,,,,,,,,,,,
,,,,,,,,,,,,,,,,,,,,,,
,,,,,,,,,,,,,,,,,,,,,,
,,,,,,,,,,,,,,,,,,,,,,
,,,,,,,,,,,,,,,,,,,,,,
,,,,,,,,,,,,,,,,,,,,,,
,,,,,,,,,,,,,,,,,,,,,,
,,,,,,,,,,,,,,,,,,,,,,
,,,,,,,,,,,,,,,,,,,,,,
,,,,,,,,,,,,,,,,,,,,,,
,,,,,,,,,,,,,,,,,,,,,,
,,,,,,,,,,,,,,,,,,,,,,
,,,,,,,,,,,,,,,,,,,,,,
,,,,,,,,,,,,,,,,,,,,,,
,,,,,,,,,,,,,,,,,,,,,,
,,,,,,,,,,,,,,,,,,,,,,
,,,,,,,,,,,,,,,,,,,,,,
,,,,,,,,,,,,,,,,,,,,,,
,,,,,,,,,,,,,,,,,,,,,,
,,,,,,,,,,,,,,,,,,,,,,
,,,,,,,,,,,,,,,,,,,,,,
,,,,,,,,,,,,,,,,,,,,,,
,,,,,,,,,,,,,,,,,,,,,,
,,,,,,,,,,,,,,,,,,,,,,
,,,,,,,,,,,,,,,,,,,,,,
,,,,,,,,,,,,,,,,,,,,,,
,,,,,,,,,,,,,,,,,,,,,,
,,,,,,,,,,,,,,,,,,,,,,
,,,,,,,,,,,,,,,,,,,,,,
,,,,,,,,,,,,,,,,,,,,,,
,,,,,,,,,,,,,,,,,,,,,,
,,,,,,,,,,,,,,,,,,,,,,
,,,,,,,,,,,,,,,,,,,,,,
,,,,,,,,,,,,,,,,,,,,,,
,,,,,,,,,,,,,,,,,,,,,,
,,,,,,,,,,,,,,,,,,,,,,
,,,,,,,,,,,,,,,,,,,,,,
,,,,,,,,,,,,,,,,,,,,,,
,,,,,,,,,,,,,,,,,,,,,,
,,,,,,,,,,,,,,,,,,,,,,
,,,,,,,,,,,,,,,,,,,,,,
,,,,,,,,,,,,,,,,,,,,,,
,,,,,,,,,,,,,,,,,,,,,,
,,,,,,,,,,,,,,,,,,,,,,
,,,,,,,,,,,,,,,,,,,,,,
,,,,,,,,,,,,,,,,,,,,,,
,,,,,,,,,,,,,,,,,,,,,,
,,,,,,,,,,,,,,,,,,,,,,
,,,,,,,,,,,,,,,,,,,,,,
,,,,,,,,,,,,,,,,,,,,,,
,,,,,,,,,,,,,,,,,,,,,,
,,,,,,,,,,,,,,,,,,,,,,
,,,,,,,,,,,,,,,,,,,,,,
,,,,,,,,,,,,,,,,,,,,,,
,,,,,,,,,,,,,,,,,,,,,,
,,,,,,,,,,,,,,,,,,,,,,
,,,,,,,,,,,,,,,,,,,,,,
,,,,,,,,,,,,,,,,,,,,,,
,,,,,,,,,,,,,,,,,,,,,,
,,,,,,,,,,,,,,,,,,,,,,
,,,,,,,,,,,,,,,,,,,,,,
,,,,,,,,,,,,,,,,,,,,,,
,,,,,,,,,,,,,,,,,,,,,,
,,,,,,,,,,,,,,,,,,,,,,
,,,,,,,,,,,,,,,,,,,,,,
,,,,,,,,,,,,,,,,,,,,,,
,,,,,,,,,,,,,,,,,,,,,,
,,,,,,,,,,,,,,,,,,,,,,
,,,,,,,,,,,,,,,,,,,,,,
,,,,,,,,,,,,,,,,,,,,,,
,,,,,,,,,,,,,,,,,,,,,,
,,,,,,,,,,,,,,,,,,,,,,
,,,,,,,,,,,,,,,,,,,,,,
,,,,,,,,,,,,,,,,,,,,,,
,,,,,,,,,,,,,,,,,,,,,,
,,,,,,,,,,,,,,,,,,,,,,
,,,,,,,,,,,,,,,,,,,,,,
,,,,,,,,,,,,,,,,,,,,,,
,,,,,,,,,,,,,,,,,,,,,,
,,,,,,,,,,,,,,,,,,,,,,
,,,,,,,,,,,,,,,,,,,,,,
,,,,,,,,,,,,,,,,,,,,,,
,,,,,,,,,,,,,,,,,,,,,,
,,,,,,,,,,,,,,,,,,,,,,
,,,,,,,,,,,,,,,,,,,,,,
,,,,,,,,,,,,,,,,,,,,,,
,,,,,,,,,,,,,,,,,,,,,,
,,,,,,,,,,,,,,,,,,,,,,
,,,,,,,,,,,,,,,,,,,,,,
,,,,,,,,,,,,,,,,,,,,,,
,,,,,,,,,,,,,,,,,,,,,,
,,,,,,,,,,,,,,,,,,,,,,
,,,,,,,,,,,,,,,,,,,,,,
,,,,,,,,,,,,,,,,,,,,,,
,,,,,,,,,,,,,,,,,,,,,,
,,,,,,,,,,,,,,,,,,,,,,
,,,,,,,,,,,,,,,,,,,,,,
,,,,,,,,,,,,,,,,,,,,,,
,,,,,,,,,,,,,,,,,,,,,,
,,,,,,,,,,,,,,,,,,,,,,
,,,,,,,,,,,,,,,,,,,,,,
,,,,,,,,,,,,,,,,,,,,,,
,,,,,,,,,,,,,,,,,,,,,,
,,,,,,,,,,,,,,,,,,,,,,
,,,,,,,,,,,,,,,,,,,,,,
,,,,,,,,,,,,,,,,,,,,,,
,,,,,,,,,,,,,,,,,,,,,,
,,,,,,,,,,,,,,,,,,,,,,
,,,,,,,,,,,,,,,,,,,,,,
,,,,,,,,,,,,,,,,,,,,,,
,,,,,,,,,,,,,,,,,,,,,,
,,,,,,,,,,,,,,,,,,,,,,
,,,,,,,,,,,,,,,,,,,,,,
,,,,,,,,,,,,,,,,,,,,,,
,,,,,,,,,,,,,,,,,,,,,,
,,,,,,,,,,,,,,,,,,,,,,
,,,,,,,,,,,,,,,,,,,,,,
,,,,,,,,,,,,,,,,,,,,,,
,,,,,,,,,,,,,,,,,,,,,,
,,,,,,,,,,,,,,,,,,,,,,
,,,,,,,,,,,,,,,,,,,,,,
,,,,,,,,,,,,,,,,,,,,,,
,,,,,,,,,,,,,,,,,,,,,,
,,,,,,,,,,,,,,,,,,,,,,
,,,,,,,,,,,,,,,,,,,,,,
,,,,,,,,,,,,,,,,,,,,,,
,,,,,,,,,,,,,,,,,,,,,,
,,,,,,,,,,,,,,,,,,,,,,
,,,,,,,,,,,,,,,,,,,,,,
,,,,,,,,,,,,,,,,,,,,,,
,,,,,,,,,,,,,,,,,,,,,,
,,,,,,,,,,,,,,,,,,,,,,
,,,,,,,,,,,,,,,,,,,,,,
,,,,,,,,,,,,,,,,,,,,,,
,,,,,,,,,,,,,,,,,,,,,,
,,,,,,,,,,,,,,,,,,,,,,
,,,,,,,,,,,,,,,,,,,,,,
,,,,,,,,,,,,,,,,,,,,,,
,,,,,,,,,,,,,,,,,,,,,,
,,,,,,,,,,,,,,,,,,,,,,
,,,,,,,,,,,,,,,,,,,,,,
,,,,,,,,,,,,,,,,,,,,,,
,,,,,,,,,,,,,,,,,,,,,,
,,,,,,,,,,,,,,,,,,,,,,
,,,,,,,,,,,,,,,,,,,,,,
,,,,,,,,,,,,,,,,,,,,,,
,,,,,,,,,,,,,,,,,,,,,,
,,,,,,,,,,,,,,,,,,,,,,
,,,,,,,,,,,,,,,,,,,,,,
,,,,,,,,,,,,,,,,,,,,,,
,,,,,,,,,,,,,,,,,,,,,,
,,,,,,,,,,,,,,,,,,,,,,
,,,,,,,,,,,,,,,,,,,,,,
,,,,,,,,,,,,,,,,,,,,,,
,,,,,,,,,,,,,,,,,,,,,,
,,,,,,,,,,,,,,,,,,,,,,
,,,,,,,,,,,,,,,,,,,,,,
,,,,,,,,,,,,,,,,,,,,,,
,,,,,,,,,,,,,,,,,,,,,,
,,,,,,,,,,,,,,,,,,,,,,
,,,,,,,,,,,,,,,,,,,,,,
,,,,,,,,,,,,,,,,,,,,,,
,,,,,,,,,,,,,,,,,,,,,,
,,,,,,,,,,,,,,,,,,,,,,
,,,,,,,,,,,,,,,,,,,,,,
,,,,,,,,,,,,,,,,,,,,,,
,,,,,,,,,,,,,,,,,,,,,,
,,,,,,,,,,,,,,,,,,,,,,
,,,,,,,,,,,,,,,,,,,,,,
,,,,,,,,,,,,,,,,,,,,,,
,,,,,,,,,,,,,,,,,,,,,,
,,,,,,,,,,,,,,,,,,,,,,
,,,,,,,,,,,,,,,,,,,,,,
,,,,,,,,,,,,,,,,,,,,,,
,,,,,,,,,,,,,,,,,,,,,,
,,,,,,,,,,,,,,,,,,,,,,
,,,,,,,,,,,,,,,,,,,,,,
,,,,,,,,,,,,,,,,,,,,,,
,,,,,,,,,,,,,,,,,,,,,,
,,,,,,,,,,,,,,,,,,,,,,
,,,,,,,,,,,,,,,,,,,,,,
,,,,,,,,,,,,,,,,,,,,,,
,,,,,,,,,,,,,,,,,,,,,,
,,,,,,,,,,,,,,,,,,,,,,
,,,,,,,,,,,,,,,,,,,,,,
,,,,,,,,,,,,,,,,,,,,,,
,,,,,,,,,,,,,,,,,,,,,,
,,,,,,,,,,,,,,,,,,,,,,
,,,,,,,,,,,,,,,,,,,,,,
,,,,,,,,,,,,,,,,,,,,,,
,,,,,,,,,,,,,,,,,,,,,,
,,,,,,,,,,,,,,,,,,,,,,
,,,,,,,,,,,,,,,,,,,,,,
,,,,,,,,,,,,,,,,,,,,,,
,,,,,,,,,,,,,,,,,,,,,,
,,,,,,,,,,,,,,,,,,,,,,
,,,,,,,,,,,,,,,,,,,,,,
,,,,,,,,,,,,,,,,,,,,,,
,,,,,,,,,,,,,,,,,,,,,,
,,,,,,,,,,,,,,,,,,,,,,
,,,,,,,,,,,,,,,,,,,,,,
,,,,,,,,,,,,,,,,,,,,,,
,,,,,,,,,,,,,,,,,,,,,,
,,,,,,,,,,,,,,,,,,,,,,
,,,,,,,,,,,,,,,,,,,,,,
,,,,,,,,,,,,,,,,,,,,,,
,,,,,,,,,,,,,,,,,,,,,,
,,,,,,,,,,,,,,,,,,,,,,
,,,,,,,,,,,,,,,,,,,,,,
,,,,,,,,,,,,,,,,,,,,,,
,,,,,,,,,,,,,,,,,,,,,,
,,,,,,,,,,,,,,,,,,,,,,
,,,,,,,,,,,,,,,,,,,,,,
,,,,,,,,,,,,,,,,,,,,,,
,,,,,,,,,,,,,,,,,,,,,,
,,,,,,,,,,,,,,,,,,,,,,
,,,,,,,,,,,,,,,,,,,,,,
,,,,,,,,,,,,,,,,,,,,,,
,,,,,,,,,,,,,,,,,,,,,,
,,,,,,,,,,,,,,,,,,,,,,
,,,,,,,,,,,,,,,,,,,,,,
,,,,,,,,,,,,,,,,,,,,,,
,,,,,,,,,,,,,,,,,,,,,,
,,,,,,,,,,,,,,,,,,,,,,
,,,,,,,,,,,,,,,,,,,,,,
,,,,,,,,,,,,,,,,,,,,,,
,,,,,,,,,,,,,,,,,,,,,,
,,,,,,,,,,,,,,,,,,,,,,
,,,,,,,,,,,,,,,,,,,,,,
,,,,,,,,,,,,,,,,,,,,,,
,,,,,,,,,,,,,,,,,,,,,,
,,,,,,,,,,,,,,,,,,,,,,
,,,,,,,,,,,,,,,,,,,,,,
,,,,,,,,,,,,,,,,,,,,,,
,,,,,,,,,,,,,,,,,,,,,,
,,,,,,,,,,,,,,,,,,,,,,
,,,,,,,,,,,,,,,,,,,,,,
,,,,,,,,,,,,,,,,,,,,,,
,,,,,,,,,,,,,,,,,,,,,,
,,,,,,,,,,,,,,,,,,,,,,
,,,,,,,,,,,,,,,,,,,,,,
,,,,,,,,,,,,,,,,,,,,,,
,,,,,,,,,,,,,,,,,,,,,,
,,,,,,,,,,,,,,,,,,,,,,
,,,,,,,,,,,,,,,,,,,,,,
,,,,,,,,,,,,,,,,,,,,,,
,,,,,,,,,,,,,,,,,,,,,,
,,,,,,,,,,,,,,,,,,,,,,
,,,,,,,,,,,,,,,,,,,,,,
,,,,,,,,,,,,,,,,,,,,,,
,,,,,,,,,,,,,,,,,,,,,,
,,,,,,,,,,,,,,,,,,,,,,
,,,,,,,,,,,,,,,,,,,,,,
,,,,,,,,,,,,,,,,,,,,,,
,,,,,,,,,,,,,,,,,,,,,,
,,,,,,,,,,,,,,,,,,,,,,
,,,,,,,,,,,,,,,,,,,,,,
,,,,,,,,,,,,,,,,,,,,,,
,,,,,,,,,,,,,,,,,,,,,,
,,,,,,,,,,,,,,,,,,,,,,
,,,,,,,,,,,,,,,,,,,,,,
,,,,,,,,,,,,,,,,,,,,,,
,,,,,,,,,,,,,,,,,,,,,,
,,,,,,,,,,,,,,,,,,,,,,
,,,,,,,,,,,,,,,,,,,,,,
,,,,,,,,,,,,,,,,,,,,,,
,,,,,,,,,,,,,,,,,,,,,,
,,,,,,,,,,,,,,,,,,,,,,
,,,,,,,,,,,,,,,,,,,,,,
,,,,,,,,,,,,,,,,,,,,,,
,,,,,,,,,,,,,,,,,,,,,,
,,,,,,,,,,,,,,,,,,,,,,
,,,,,,,,,,,,,,,,,,,,,,
,,,,,,,,,,,,,,,,,,,,,,
,,,,,,,,,,,,,,,,,,,,,,
,,,,,,,,,,,,,,,,,,,,,,
,,,,,,,,,,,,,,,,,,,,,,
,,,,,,,,,,,,,,,,,,,,,,
,,,,,,,,,,,,,,,,,,,,,,
,,,,,,,,,,,,,,,,,,,,,,
,,,,,,,,,,,,,,,,,,,,,,
,,,,,,,,,,,,,,,,,,,,,,
,,,,,,,,,,,,,,,,,,,,,,
,,,,,,,,,,,,,,,,,,,,,,
,,,,,,,,,,,,,,,,,,,,,,
,,,,,,,,,,,,,,,,,,,,,,
,,,,,,,,,,,,,,,,,,,,,,
,,,,,,,,,,,,,,,,,,,,,,
,,,,,,,,,,,,,,,,,,,,,,
,,,,,,,,,,,,,,,,,,,,,,
,,,,,,,,,,,,,,,,,,,,,,
,,,,,,,,,,,,,,,,,,,,,,
,,,,,,,,,,,,,,,,,,,,,,
,,,,,,,,,,,,,,,,,,,,,,
,,,,,,,,,,,,,,,,,,,,,,
,,,,,,,,,,,,,,,,,,,,,,
,,,,,,,,,,,,,,,,,,,,,,
,,,,,,,,,,,,,,,,,,,,,,
,,,,,,,,,,,,,,,,,,,,,,
,,,,,,,,,,,,,,,,,,,,,,
,,,,,,,,,,,,,,,,,,,,,,
,,,,,,,,,,,,,,,,,,,,,,
,,,,,,,,,,,,,,,,,,,,,,
,,,,,,,,,,,,,,,,,,,,,,
,,,,,,,,,,,,,,,,,,,,,,
,,,,,,,,,,,,,,,,,,,,,,
,,,,,,,,,,,,,,,,,,,,,,
,,,,,,,,,,,,,,,,,,,,,,
,,,,,,,,,,,,,,,,,,,,,,
,,,,,,,,,,,,,,,,,,,,,,
,,,,,,,,,,,,,,,,,,,,,,
,,,,,,,,,,,,,,,,,,,,,,
,,,,,,,,,,,,,,,,,,,,,,
,,,,,,,,,,,,,,,,,,,,,,
,,,,,,,,,,,,,,,,,,,,,,
,,,,,,,,,,,,,,,,,,,,,,
,,,,,,,,,,,,,,,,,,,,,,
,,,,,,,,,,,,,,,,,,,,,,
,,,,,,,,,,,,,,,,,,,,,,
,,,,,,,,,,,,,,,,,,,,,,
,,,,,,,,,,,,,,,,,,,,,,
,,,,,,,,,,,,,,,,,,,,,,
,,,,,,,,,,,,,,,,,,,,,,
,,,,,,,,,,,,,,,,,,,,,,
,,,,,,,,,,,,,,,,,,,,,,
,,,,,,,,,,,,,,,,,,,,,,
,,,,,,,,,,,,,,,,,,,,,,
,,,,,,,,,,,,,,,,,,,,,,
,,,,,,,,,,,,,,,,,,,,,,
,,,,,,,,,,,,,,,,,,,,,,
,,,,,,,,,,,,,,,,,,,,,,
,,,,,,,,,,,,,,,,,,,,,,
,,,,,,,,,,,,,,,,,,,,,,
,,,,,,,,,,,,,,,,,,,,,,
,,,,,,,,,,,,,,,,,,,,,,
,,,,,,,,,,,,,,,,,,,,,,
,,,,,,,,,,,,,,,,,,,,,,
,,,,,,,,,,,,,,,,,,,,,,
,,,,,,,,,,,,,,,,,,,,,,
,,,,,,,,,,,,,,,,,,,,,,
,,,,,,,,,,,,,,,,,,,,,,
,,,,,,,,,,,,,,,,,,,,,,
,,,,,,,,,,,,,,,,,,,,,,
,,,,,,,,,,,,,,,,,,,,,,
,,,,,,,,,,,,,,,,,,,,,,
,,,,,,,,,,,,,,,,,,,,,,
,,,,,,,,,,,,,,,,,,,,,,
,,,,,,,,,,,,,,,,,,,,,,
,,,,,,,,,,,,,,,,,,,,,,
,,,,,,,,,,,,,,,,,,,,,,
,,,,,,,,,,,,,,,,,,,,,,
,,,,,,,,,,,,,,,,,,,,,,
,,,,,,,,,,,,,,,,,,,,,,
,,,,,,,,,,,,,,,,,,,,,,
,,,,,,,,,,,,,,,,,,,,,,
,,,,,,,,,,,,,,,,,,,,,,
,,,,,,,,,,,,,,,,,,,,,,
,,,,,,,,,,,,,,,,,,,,,,
,,,,,,,,,,,,,,,,,,,,,,
,,,,,,,,,,,,,,,,,,,,,,
,,,,,,,,,,,,,,,,,,,,,,
,,,,,,,,,,,,,,,,,,,,,,
,,,,,,,,,,,,,,,,,,,,,,
,,,,,,,,,,,,,,,,,,,,,,
,,,,,,,,,,,,,,,,,,,,,,
,,,,,,,,,,,,,,,,,,,,,,
,,,,,,,,,,,,,,,,,,,,,,
,,,,,,,,,,,,,,,,,,,,,,
,,,,,,,,,,,,,,,,,,,,,,
,,,,,,,,,,,,,,,,,,,,,,
,,,,,,,,,,,,,,,,,,,,,,
,,,,,,,,,,,,,,,,,,,,,,
,,,,,,,,,,,,,,,,,,,,,,
,,,,,,,,,,,,,,,,,,,,,,
,,,,,,,,,,,,,,,,,,,,,,
,,,,,,,,,,,,,,,,,,,,,,
,,,,,,,,,,,,,,,,,,,,,,
,,,,,,,,,,,,,,,,,,,,,,
,,,,,,,,,,,,,,,,,,,,,,
,,,,,,,,,,,,,,,,,,,,,,
,,,,,,,,,,,,,,,,,,,,,,
,,,,,,,,,,,,,,,,,,,,,,
,,,,,,,,,,,,,,,,,,,,,,
,,,,,,,,,,,,,,,,,,,,,,
,,,,,,,,,,,,,,,,,,,,,,
,,,,,,,,,,,,,,,,,,,,,,
,,,,,,,,,,,,,,,,,,,,,,
,,,,,,,,,,,,,,,,,,,,,,
,,,,,,,,,,,,,,,,,,,,,,
,,,,,,,,,,,,,,,,,,,,,,
,,,,,,,,,,,,,,,,,,,,,,
,,,,,,,,,,,,,,,,,,,,,,
,,,,,,,,,,,,,,,,,,,,,,
,,,,,,,,,,,,,,,,,,,,,,
,,,,,,,,,,,,,,,,,,,,,,
,,,,,,,,,,,,,,,,,,,,,,
,,,,,,,,,,,,,,,,,,,,,,
,,,,,,,,,,,,,,,,,,,,,,
,,,,,,,,,,,,,,,,,,,,,,
,,,,,,,,,,,,,,,,,,,,,,
,,,,,,,,,,,,,,,,,,,,,,
,,,,,,,,,,,,,,,,,,,,,,
,,,,,,,,,,,,,,,,,,,,,,
,,,,,,,,,,,,,,,,,,,,,,
,,,,,,,,,,,,,,,,,,,,,,
,,,,,,,,,,,,,,,,,,,,,,
,,,,,,,,,,,,,,,,,,,,,,
,,,,,,,,,,,,,,,,,,,,,,
,,,,,,,,,,,,,,,,,,,,,,
,,,,,,,,,,,,,,,,,,,,,,
,,,,,,,,,,,,,,,,,,,,,,
,,,,,,,,,,,,,,,,,,,,,,
,,,,,,,,,,,,,,,,,,,,,,
,,,,,,,,,,,,,,,,,,,,,,
,,,,,,,,,,,,,,,,,,,,,,
,,,,,,,,,,,,,,,,,,,,,,
,,,,,,,,,,,,,,,,,,,,,,
,,,,,,,,,,,,,,,,,,,,,,
,,,,,,,,,,,,,,,,,,,,,,
,,,,,,,,,,,,,,,,,,,,,,
,,,,,,,,,,,,,,,,,,,,,,
,,,,,,,,,,,,,,,,,,,,,,
,,,,,,,,,,,,,,,,,,,,,,
,,,,,,,,,,,,,,,,,,,,,,
,,,,,,,,,,,,,,,,,,,,,,
,,,,,,,,,,,,,,,,,,,,,,
,,,,,,,,,,,,,,,,,,,,,,
,,,,,,,,,,,,,,,,,,,,,,
,,,,,,,,,,,,,,,,,,,,,,
,,,,,,,,,,,,,,,,,,,,,,
,,,,,,,,,,,,,,,,,,,,,,
,,,,,,,,,,,,,,,,,,,,,,
,,,,,,,,,,,,,,,,,,,,,,
,,,,,,,,,,,,,,,,,,,,,,
,,,,,,,,,,,,,,,,,,,,,,
,,,,,,,,,,,,,,,,,,,,,,
,,,,,,,,,,,,,,,,,,,,,,
,,,,,,,,,,,,,,,,,,,,,,
,,,,,,,,,,,,,,,,,,,,,,
,,,,,,,,,,,,,,,,,,,,,,
,,,,,,,,,,,,,,,,,,,,,,
,,,,,,,,,,,,,,,,,,,,,,
,,,,,,,,,,,,,,,,,,,,,,
,,,,,,,,,,,,,,,,,,,,,,
,,,,,,,,,,,,,,,,,,,,,,
,,,,,,,,,,,,,,,,,,,,,,
,,,,,,,,,,,,,,,,,,,,,,
,,,,,,,,,,,,,,,,,,,,,,
,,,,,,,,,,,,,,,,,,,,,,
,,,,,,,,,,,,,,,,,,,,,,
,,,,,,,,,,,,,,,,,,,,,,
,,,,,,,,,,,,,,,,,,,,,,
,,,,,,,,,,,,,,,,,,,,,,
,,,,,,,,,,,,,,,,,,,,,,
,,,,,,,,,,,,,,,,,,,,,,
,,,,,,,,,,,,,,,,,,,,,,
,,,,,,,,,,,,,,,,,,,,,,
,,,,,,,,,,,,,,,,,,,,,,
,,,,,,,,,,,,,,,,,,,,,,
,,,,,,,,,,,,,,,,,,,,,,
,,,,,,,,,,,,,,,,,,,,,,
,,,,,,,,,,,,,,,,,,,,,,
,,,,,,,,,,,,,,,,,,,,,,
,,,,,,,,,,,,,,,,,,,,,,
,,,,,,,,,,,,,,,,,,,,,,
,,,,,,,,,,,,,,,,,,,,,,
,,,,,,,,,,,,,,,,,,,,,,
,,,,,,,,,,,,,,,,,,,,,,
,,,,,,,,,,,,,,,,,,,,,,
,,,,,,,,,,,,,,,,,,,,,,
,,,,,,,,,,,,,,,,,,,,,,
,,,,,,,,,,,,,,,,,,,,,,
,,,,,,,,,,,,,,,,,,,,,,
,,,,,,,,,,,,,,,,,,,,,,
,,,,,,,,,,,,,,,,,,,,,,
,,,,,,,,,,,,,,,,,,,,,,
,,,,,,,,,,,,,,,,,,,,,,
,,,,,,,,,,,,,,,,,,,,,,
,,,,,,,,,,,,,,,,,,,,,,
,,,,,,,,,,,,,,,,,,,,,,
,,,,,,,,,,,,,,,,,,,,,,
,,,,,,,,,,,,,,,,,,,,,,
,,,,,,,,,,,,,,,,,,,,,,
,,,,,,,,,,,,,,,,,,,,,,
,,,,,,,,,,,,,,,,,,,,,,
,,,,,,,,,,,,,,,,,,,,,,
,,,,,,,,,,,,,,,,,,,,,,
,,,,,,,,,,,,,,,,,,,,,,
,,,,,,,,,,,,,,,,,,,,,,
,,,,,,,,,,,,,,,,,,,,,,
,,,,,,,,,,,,,,,,,,,,,,
,,,,,,,,,,,,,,,,,,,,,,
,,,,,,,,,,,,,,,,,,,,,,
,,,,,,,,,,,,,,,,,,,,,,
,,,,,,,,,,,,,,,,,,,,,,
,,,,,,,,,,,,,,,,,,,,,,
,,,,,,,,,,,,,,,,,,,,,,
,,,,,,,,,,,,,,,,,,,,,,
,,,,,,,,,,,,,,,,,,,,,,
,,,,,,,,,,,,,,,,,,,,,,
,,,,,,,,,,,,,,,,,,,,,,
,,,,,,,,,,,,,,,,,,,,,,
,,,,,,,,,,,,,,,,,,,,,,
,,,,,,,,,,,,,,,,,,,,,,
